{
  "MAD_C": 0.32367317497586956,
  "CVR_fraction": 0.012318840579710146,
  "CE_kWh": 0.187682145278945,
  "EC_USD": 0.03337808487632277,
  "RT_s": 2580.0,
  "ST_s": 17700.0,
  "OC_count": 0,
  "MO_C": 3.2764066897917914
}