{
  "MAD_C": 0.3387241708480441,
  "CVR_fraction": 0.03333333333333333,
  "CE_kWh": 0.04251923792445329,
  "EC_USD": 0.007779711964451914,
  "RT_s": 2040.0,
  "ST_s": 2400.0,
  "OC_count": 1,
  "MO_C": 2.8111596565524337
}