{
  "MAD_C": 0.48187045329347067,
  "CVR_fraction": 0.08333333333333333,
  "CE_kWh": 0.040147626832998405,
  "EC_USD": 0.004817715219959809,
  "RT_s": 3900.0,
  "ST_s": 5580.0,
  "OC_count": 1,
  "MO_C": null
}