{
  "MAD_C": 0.37983454862649374,
  "CVR_fraction": 0.03695652173913044,
  "CE_kWh": 0.18825120293144101,
  "EC_USD": 0.03367963417929423,
  "RT_s": 2760.0,
  "ST_s": 18300.0,
  "OC_count": 0,
  "MO_C": 3.2875703451182403
}