{
  "MAD_C": 0.5639592356909294,
  "CVR_fraction": 0.0,
  "CE_kWh": 0.019951276415851496,
  "EC_USD": 0.0023941531699021796,
  "RT_s": 2700.0,
  "ST_s": null,
  "OC_count": null,
  "MO_C": null,
  "weighted_objective_J": 11.66820461746176
}