{
  "MAD_C": 0.27773468907491533,
  "CVR_fraction": 0.011594202898550725,
  "CE_kWh": 0.18297869289840685,
  "EC_USD": 0.024773977328343733,
  "RT_s": 2700.0,
  "ST_s": 6840.0,
  "OC_count": 0,
  "MO_C": 3.0827620004964444
}