{
  "method": "C1 LLM setpoint-only with fixed C0 PID",
  "pid_source": "loaded from outputs/c0_tuned_pid_outputs/c0_run_summary.json",
  "fixed_pid_used": {
    "KP": 1.0,
    "KI": 3.0,
    "KD": 0.0
  },
  "setpoint_schedule": {
    "00:00-02:00": 39.0,
    "02:00-03:00": 38.0,
    "03:00-09:00": 39.0,
    "09:00-18:00": 38.0,
    "18:00-19:00": 41.0,
    "19:00-22:00": 40.0,
    "22:00-24:00": 39.0
  },
  "instruction_log_file": "outputs\\c1_llm_setpoint_only_outputs\\c1_user_instruction_log.csv",
  "day2_evaluation_metrics": {
    "MAD_C": 0.27773468907491533,
    "CVR_fraction": 0.011594202898550725,
    "CE_kWh": 0.18297869289840685,
    "EC_USD": 0.024773977328343733,
    "RT_s": 2700.0,
    "ST_s": 6840.0,
    "OC_count": 0,
    "MO_C": 3.0827620004964444
  }
}