{
  "MAD_C": 0.2362987969809356,
  "CVR_fraction": 0.0,
  "CE_kWh": 0.08269972572296118,
  "EC_USD": 0.020726603523356344,
  "RT_s": 2220.0,
  "ST_s": 6720.0,
  "OC_count": 0,
  "MO_C": 0.6996120209072245,
  "weighted_objective_J": 1.6399864061970961
}