{
  "MAD_C": 0.3781443452069473,
  "CVR_fraction": 0.005797101449275362,
  "CE_kWh": 0.18926080081704624,
  "EC_USD": 0.03340958977490751,
  "RT_s": 2700.0,
  "ST_s": 18420.0,
  "OC_count": 0,
  "MO_C": 1.522019200634368,
  "weighted_objective_J": 1.4058838957297135
}