{
  "MAD_C": 0.4671131146167814,
  "CVR_fraction": 0.0,
  "CE_kWh": 0.03225652677495256,
  "EC_USD": 0.0038707832129943076,
  "RT_s": 2280.0,
  "ST_s": 6840.0,
  "OC_count": 0,
  "MO_C": null
}