{
  "MAD_C": 0.3398518380179521,
  "CVR_fraction": 0.020289855072463767,
  "CE_kWh": 0.18301116406759615,
  "EC_USD": 0.03245055710572434,
  "RT_s": 2640.0,
  "ST_s": 17520.0,
  "OC_count": 0,
  "MO_C": 3.2779834325337376
}