{
  "MAD_C": 0.27604069488563565,
  "CVR_fraction": 0.0,
  "CE_kWh": 0.08337804630832778,
  "EC_USD": 0.02095639618110836,
  "RT_s": 2340.0,
  "ST_s": 7020.0,
  "OC_count": 0,
  "MO_C": 0.7001968888029921,
  "weighted_objective_J": 1.616343396485448
}