{
  "MAD_C": 0.2833128773888382,
  "CVR_fraction": 0.0,
  "CE_kWh": 0.08269898776384758,
  "EC_USD": 0.02046462470516333,
  "RT_s": 2160.0,
  "ST_s": 6660.0,
  "OC_count": 0,
  "MO_C": 1.1514628313716244
}