{
  "MAD_C": 0.738104520485299,
  "CVR_fraction": 0.15555555555555556,
  "CE_kWh": 0.03404989924459082,
  "EC_USD": 0.0040859879093508985,
  "RT_s": 2400.0,
  "ST_s": 9120.0,
  "OC_count": 0,
  "MO_C": null
}