{
  "MAD_C": 1.022626643926295,
  "CVR_fraction": 0.0,
  "CE_kWh": 0.020480309164063407,
  "EC_USD": 0.002457637099687609,
  "RT_s": 2400.0,
  "ST_s": 6900.0,
  "OC_count": 0,
  "MO_C": null,
  "weighted_objective_J": 12.431988910425854
}