{
  "MAD_C": 0.39973201518408014,
  "CVR_fraction": 0.0,
  "CE_kWh": 0.18381451997086679,
  "EC_USD": 0.03213924217865478,
  "RT_s": 2760.0,
  "ST_s": 18960.0,
  "OC_count": 0,
  "MO_C": 1.4185063041742296,
  "weighted_objective_J": 1.1746122169779496
}