{
  "MAD_C": 0.4822281700414499,
  "CVR_fraction": 0.0,
  "CE_kWh": 0.03277934811232342,
  "EC_USD": 0.003933521773478809,
  "RT_s": 2340.0,
  "ST_s": 7140.0,
  "OC_count": 0,
  "MO_C": null,
  "weighted_objective_J": 5.055271559297952
}