{
  "MAD_C": 0.4660082075527727,
  "CVR_fraction": 0.0,
  "CE_kWh": 0.03362940640626044,
  "EC_USD": 0.004035528768751254,
  "RT_s": 2400.0,
  "ST_s": 7080.0,
  "OC_count": 0,
  "MO_C": null,
  "weighted_objective_J": 5.400053469394275
}