{
  "MAD_C": 0.4237847893406228,
  "CVR_fraction": 0.05,
  "CE_kWh": 0.04552050579736271,
  "EC_USD": 0.008303368381750744,
  "RT_s": 1740.0,
  "ST_s": 6180.0,
  "OC_count": 1,
  "MO_C": 3.1680979922649968
}