{
  "MAD_C": 0.2707877649702589,
  "CVR_fraction": 0.0,
  "CE_kWh": 0.08191118945950439,
  "EC_USD": 0.020104579496523577,
  "RT_s": 2160.0,
  "ST_s": 6660.0,
  "OC_count": 0,
  "MO_C": 1.1981970349199358
}