{
  "MAD_C": 0.23038787101003302,
  "CVR_fraction": 0.0,
  "CE_kWh": 0.07984349284093344,
  "EC_USD": 0.019769310404119354,
  "RT_s": 2580.0,
  "ST_s": 3360.0,
  "OC_count": 1,
  "MO_C": 1.1971893399138125
}