{
  "MAD_C": 0.47473894264798766,
  "CVR_fraction": 0.0,
  "CE_kWh": 0.03220797296074649,
  "EC_USD": 0.003864956755289577,
  "RT_s": 2340.0,
  "ST_s": 7080.0,
  "OC_count": 0,
  "MO_C": null,
  "weighted_objective_J": 4.86328176791313
}