{
  "MAD_C": 0.932256890488061,
  "CVR_fraction": 0.0,
  "CE_kWh": 0.020446067298997683,
  "EC_USD": 0.0024535280758797213,
  "RT_s": 2520.0,
  "ST_s": null,
  "OC_count": null,
  "MO_C": null,
  "weighted_objective_J": 12.834936869833193
}