{
  "MAD_C": 0.4260292425517734,
  "CVR_fraction": 0.0,
  "CE_kWh": 0.0324852406725666,
  "EC_USD": 0.003898228880707992,
  "RT_s": 2220.0,
  "ST_s": 6540.0,
  "OC_count": 0,
  "MO_C": null
}