{
  "MAD_C": 0.33007460458549176,
  "CVR_fraction": 0.025,
  "CE_kWh": 0.04006760127061385,
  "EC_USD": 0.004808112152473662,
  "RT_s": 3540.0,
  "ST_s": 4620.0,
  "OC_count": 1,
  "MO_C": null
}