{
  "MAD_C": 0.34185992059817927,
  "CVR_fraction": 0.012318840579710146,
  "CE_kWh": 0.1881858727596838,
  "EC_USD": 0.03350163344032967,
  "RT_s": 2520.0,
  "ST_s": 17820.0,
  "OC_count": 0,
  "MO_C": 3.270717830471078
}