{
  "MAD_C": 0.5073589486476522,
  "CVR_fraction": 0.0,
  "CE_kWh": 0.02015716198592271,
  "EC_USD": 0.0024188594383107256,
  "RT_s": 2640.0,
  "ST_s": null,
  "OC_count": null,
  "MO_C": null
}