{
  "MAD_C": 0.31178972994938403,
  "CVR_fraction": 0.0,
  "CE_kWh": 0.04016937521164226,
  "EC_USD": 0.007264516461040445,
  "RT_s": 1980.0,
  "ST_s": 6300.0,
  "OC_count": 1,
  "MO_C": 0.6456332574117454,
  "weighted_objective_J": 1.83568833440516
}