{
  "MAD_C": 0.2695937281506601,
  "CVR_fraction": 0.0,
  "CE_kWh": 0.08281139176879372,
  "EC_USD": 0.020684940670138215,
  "RT_s": 2520.0,
  "ST_s": 7080.0,
  "OC_count": 0,
  "MO_C": 0.6961761392390216,
  "weighted_objective_J": 1.8213744276893835
}