{
  "MAD_C": 0.8376893447970974,
  "CVR_fraction": 0.0,
  "CE_kWh": 0.020901354271299823,
  "EC_USD": 0.0025081625125559785,
  "RT_s": 2580.0,
  "ST_s": null,
  "OC_count": null,
  "MO_C": null,
  "weighted_objective_J": 13.26266567274184
}