{
  "MAD_C": 0.47873869516089923,
  "CVR_fraction": 0.0,
  "CE_kWh": 0.032307891429927314,
  "EC_USD": 0.0038769469715912775,
  "RT_s": 2640.0,
  "ST_s": 7140.0,
  "OC_count": 0,
  "MO_C": null
}