{
  "MAD_C": 0.7935077589538536,
  "CVR_fraction": 0.0,
  "CE_kWh": 0.020367811357149854,
  "EC_USD": 0.0024441373628579822,
  "RT_s": 2400.0,
  "ST_s": 6660.0,
  "OC_count": 0,
  "MO_C": null
}