{
  "MAD_C": 0.2225918604083098,
  "CVR_fraction": 0.013043478260869565,
  "CE_kWh": 0.1878579956930402,
  "EC_USD": 0.025330115939346785,
  "RT_s": 2820.0,
  "ST_s": 6960.0,
  "OC_count": 2,
  "MO_C": 2.2050999138774827
}