{
  "MAD_C": 0.45073413474290747,
  "CVR_fraction": 0.14444444444444443,
  "CE_kWh": 0.0328576584333959,
  "EC_USD": 0.003942919012007508,
  "RT_s": 2160.0,
  "ST_s": 6420.0,
  "OC_count": 2,
  "MO_C": null
}