{
  "MAD_C": 0.3282893293420675,
  "CVR_fraction": 0.023333333333333334,
  "CE_kWh": 0.040374292692759134,
  "EC_USD": 0.007259769965395153,
  "RT_s": 1740.0,
  "ST_s": 6060.0,
  "OC_count": 1,
  "MO_C": 0.6788733748929658,
  "weighted_objective_J": 1.8753737437171885
}