{
  "MAD_C": 0.19691667008482477,
  "CVR_fraction": 0.005797101449275362,
  "CE_kWh": 0.18273219619195777,
  "EC_USD": 0.024756982048126982,
  "RT_s": 2640.0,
  "ST_s": 3180.0,
  "OC_count": 1,
  "MO_C": 3.0694533826657775
}