{
  "MAD_C": 0.2781376573623363,
  "CVR_fraction": 0.0,
  "CE_kWh": 0.08325266055522879,
  "EC_USD": 0.020926481989306765,
  "RT_s": 2340.0,
  "ST_s": 6960.0,
  "OC_count": 0,
  "MO_C": 0.6939883848243227,
  "weighted_objective_J": 1.6394324378132081
}