{
  "MAD_C": 0.2542366077475377,
  "CVR_fraction": 0.0,
  "CE_kWh": 0.019695010037784528,
  "EC_USD": 0.002363401204534143,
  "RT_s": 2700.0,
  "ST_s": 3540.0,
  "OC_count": 1,
  "MO_C": null
}