{
  "MAD_C": 0.4865467671345535,
  "CVR_fraction": 0.08333333333333333,
  "CE_kWh": 0.040557741779154215,
  "EC_USD": 0.004866929013498505,
  "RT_s": 3900.0,
  "ST_s": 5220.0,
  "OC_count": 1,
  "MO_C": null,
  "weighted_objective_J": 11.72734856833428
}