{
  "MAD_C": 0.36917444747468975,
  "CVR_fraction": 0.0,
  "CE_kWh": 0.18697505141902213,
  "EC_USD": 0.03257705881719076,
  "RT_s": 2580.0,
  "ST_s": 18300.0,
  "OC_count": 0,
  "MO_C": 1.409492264165273,
  "weighted_objective_J": 1.2052740448001222
}