{
  "MAD_C": 3.3840254523321587,
  "CVR_fraction": 0.43043478260869567,
  "CE_kWh": 0.18233720570906548,
  "EC_USD": 0.026048677036644364,
  "RT_s": 2640.0,
  "ST_s": null,
  "OC_count": null,
  "MO_C": 14.014950857233437
}