{
  "MAD_C": 0.39907083873535487,
  "CVR_fraction": 0.03333333333333333,
  "CE_kWh": 0.0435035034669974,
  "EC_USD": 0.007925006537770868,
  "RT_s": 1800.0,
  "ST_s": 6600.0,
  "OC_count": 0,
  "MO_C": 2.818023498182775
}