{
  "KP": 1.0,
  "KI": 2.5,
  "KD": 0.0,
  "R_hat": 2.1745178450499036,
  "C_hat": 1429.5134786202493
}