{
  "MAD_C": 0.21456305048574428,
  "CVR_fraction": 0.0,
  "CE_kWh": 0.08213207744844447,
  "EC_USD": 0.020267861858439037,
  "RT_s": 2580.0,
  "ST_s": 3240.0,
  "OC_count": 1,
  "MO_C": 1.194330340901523
}