{
  "MAD_C": 1.020489801787486,
  "CVR_fraction": 0.0,
  "CE_kWh": 0.020335446614963424,
  "EC_USD": 0.0024402535937956106,
  "RT_s": 2400.0,
  "ST_s": null,
  "OC_count": null,
  "MO_C": null
}