{
  "MAD_C": 0.28095375618041785,
  "CVR_fraction": 0.0,
  "CE_kWh": 0.03827096372962913,
  "EC_USD": 0.006935964891437845,
  "RT_s": 2220.0,
  "ST_s": 6300.0,
  "OC_count": 0,
  "MO_C": 0.30476470462623695,
  "weighted_objective_J": 1.7509330866860917
}