{
  "MAD_C": 0.5040812795615567,
  "CVR_fraction": 0.09166666666666666,
  "CE_kWh": 0.04061672733109744,
  "EC_USD": 0.004874007279731692,
  "RT_s": 3960.0,
  "ST_s": 5160.0,
  "OC_count": 1,
  "MO_C": null,
  "weighted_objective_J": 12.150389613183028
}