{
  "MAD_C": 0.3086089336020752,
  "CVR_fraction": 0.03,
  "CE_kWh": 0.04467092755170881,
  "EC_USD": 0.008143472318529554,
  "RT_s": 1740.0,
  "ST_s": 5280.0,
  "OC_count": 0,
  "MO_C": 2.819745250506486
}