a,b,c,R,C,KP,KI,KD,PMIN,PMAX,DEADBAND_K,SP_LOW,SP_HIGH,SP_SWITCH_HOUR
0.0308498683749119,0.0062011382060163,0.0004790668014413,0.2010101998055624,48378.21542324912,0.8,0.08,0.05,0.0,100000,0.1,30.0,35.0,8.0
