{
  "MAD_C": 0.25830189150645194,
  "CVR_fraction": 0.0,
  "CE_kWh": 0.08062844915093009,
  "EC_USD": 0.020255106374060652,
  "RT_s": 2640.0,
  "ST_s": 7320.0,
  "OC_count": 0,
  "MO_C": 0.6986846601609571,
  "weighted_objective_J": 1.7012701530781824
}