{
  "MAD_C": 0.3813335874315336,
  "CVR_fraction": 0.0,
  "CE_kWh": 0.0321307857159712,
  "EC_USD": 0.0038556942859165437,
  "RT_s": 2640.0,
  "ST_s": 7800.0,
  "OC_count": 0,
  "MO_C": null,
  "weighted_objective_J": 4.961391246539171
}