{
  "MAD_C": 0.4750784207884609,
  "CVR_fraction": 0.08333333333333333,
  "CE_kWh": 0.04076789604876486,
  "EC_USD": 0.004892147525851782,
  "RT_s": 3900.0,
  "ST_s": 5280.0,
  "OC_count": 1,
  "MO_C": null,
  "weighted_objective_J": 11.665919000091046
}