{
  "MAD_C": 0.3667145243986476,
  "CVR_fraction": 0.0,
  "CE_kWh": 0.1891177879736388,
  "EC_USD": 0.03322932885327677,
  "RT_s": 2640.0,
  "ST_s": 18360.0,
  "OC_count": 0,
  "MO_C": 1.398917173267904,
  "weighted_objective_J": 1.2964272916879915
}