{
  "MAD_C": 0.32440174279647777,
  "CVR_fraction": 0.0,
  "CE_kWh": 0.18900369830919367,
  "EC_USD": 0.03325360626800365,
  "RT_s": 2580.0,
  "ST_s": 17880.0,
  "OC_count": 1,
  "MO_C": 1.3633931160995232,
  "weighted_objective_J": 1.2991941978382697
}