{
  "MAD_C": 0.3101366381129775,
  "CVR_fraction": 0.008695652173913044,
  "CE_kWh": 0.18624922885751927,
  "EC_USD": 0.0328913296855506,
  "RT_s": 2520.0,
  "ST_s": 16920.0,
  "OC_count": 1,
  "MO_C": 3.2736212765013377
}