{
  "MAD_C": 0.49901440143129716,
  "CVR_fraction": 0.05,
  "CE_kWh": 0.032619970498802074,
  "EC_USD": 0.003914396459856249,
  "RT_s": 2220.0,
  "ST_s": 6780.0,
  "OC_count": 0,
  "MO_C": null,
  "weighted_objective_J": 5.043253485619702
}