{
  "R_hat_K_per_W": 2.1745178450499036,
  "C_hat_J_per_K": 1429.5134786202493
}