{
  "MAD_C": 0.3838891589638044,
  "CVR_fraction": 0.041666666666666664,
  "CE_kWh": 0.03998266207481224,
  "EC_USD": 0.0047979194489774675,
  "RT_s": 3660.0,
  "ST_s": 4800.0,
  "OC_count": 1,
  "MO_C": null,
  "weighted_objective_J": 10.442600679376778
}