{
  "MAD_C": 0.43383933724852325,
  "CVR_fraction": 0.075,
  "CE_kWh": 0.0407403977364206,
  "EC_USD": 0.004888847728370472,
  "RT_s": 3840.0,
  "ST_s": 5340.0,
  "OC_count": 1,
  "MO_C": null
}