{
  "MAD_C": 0.6632928052660613,
  "CVR_fraction": 0.15,
  "CE_kWh": 0.03987580888217385,
  "EC_USD": 0.004785097065860862,
  "RT_s": 4380.0,
  "ST_s": 5940.0,
  "OC_count": 1,
  "MO_C": null,
  "weighted_objective_J": 12.696818387688644
}