{
  "MAD_C": 0.5987834742145168,
  "CVR_fraction": 0.1,
  "CE_kWh": 0.040676254619610004,
  "EC_USD": 0.0048811505543531995,
  "RT_s": 4020.0,
  "ST_s": 10440.0,
  "OC_count": 0,
  "MO_C": null
}