{
  "MAD_C": 0.3228680368033425,
  "CVR_fraction": 0.0,
  "CE_kWh": 0.040887710595656074,
  "EC_USD": 0.00739938368478925,
  "RT_s": 1980.0,
  "ST_s": 6360.0,
  "OC_count": 1,
  "MO_C": 0.627670234525489,
  "weighted_objective_J": 1.8841187580337637
}