{
  "MAD_C": 0.2792222030917313,
  "CVR_fraction": 0.0,
  "CE_kWh": 0.08261702374404757,
  "EC_USD": 0.020463908604334898,
  "RT_s": 2460.0,
  "ST_s": 7560.0,
  "OC_count": 0,
  "MO_C": 1.1940489114780064
}