{
  "MAD_C": 0.39483235471899286,
  "CVR_fraction": 0.043333333333333335,
  "CE_kWh": 0.04484812387014857,
  "EC_USD": 0.00817477487594458,
  "RT_s": 1740.0,
  "ST_s": 5940.0,
  "OC_count": 1,
  "MO_C": 3.14587427794455
}