{
  "MAD_C": 0.48629146566511,
  "CVR_fraction": 0.1,
  "CE_kWh": 0.04046038326610672,
  "EC_USD": 0.004855245991932807,
  "RT_s": 4020.0,
  "ST_s": 5520.0,
  "OC_count": 1,
  "MO_C": null
}