{
  "MAD_C": 0.3093884210526497,
  "CVR_fraction": 0.0,
  "CE_kWh": 0.038694368207364264,
  "EC_USD": 0.006981457717900909,
  "RT_s": 1980.0,
  "ST_s": 6300.0,
  "OC_count": 0,
  "MO_C": 0.430085132134451,
  "weighted_objective_J": 1.7772689126659489
}