{
  "MAD_C": 0.8036194912406445,
  "CVR_fraction": 0.0,
  "CE_kWh": 0.020932105741079354,
  "EC_USD": 0.002511852688929523,
  "RT_s": 2460.0,
  "ST_s": 6720.0,
  "OC_count": 0,
  "MO_C": null
}